{
  "v": "5.7.4",
  "fr": 60,
  "ip": 0,
  "op": 120,
  "w": 500,
  "h": 1000,
  "nm": "Battery Progress",
  "ddd": 0,
  "assets": [],
  "layers": [
    {
      "ddd": 0,
      "ind": 1,
      "ty": 4,
      "nm": "Battery Fill",
      "sr": 1,
      "ks": {
        "o": { "a": 0, "k": 100, "ix": 11 },
        "r": { "a": 0, "k": 0, "ix": 10 },
        "p": { "a": 0, "k": [250, 500, 0], "ix": 2 },
        "a": { "a": 0, "k": [0, 0, 0], "ix": 1 },
        "s": { "a": 0, "k": [100, 100, 100], "ix": 6 }
      },
      "ao": 0,
      "shapes": [
        {
          "ty": "rc",
          "d": 1,
          "s": {
            "a": 1,
            "k": [
              { "t": 0, "s": [500, 0], "e": [500, 1000], "i": {}, "o": {} }
            ]
          },
          "p": { "a": 0, "k": [0, 0], "ix": 3 },
          "r": { "a": 0, "k": 0, "ix": 4 },
          "nm": "Fill Shape"
        }
      ],
      "ip": 0,
      "op": 120,
      "st": 0,
      "bm": 0
    },
    {
      "ddd": 0,
      "ind": 2,
      "ty": 4,
      "nm": "Battery Outline",
      "sr": 1,
      "ks": {
        "o": { "a": 0, "k": 100, "ix": 11 },
        "r": { "a": 0, "k": 0, "ix": 10 },
        "p": { "a": 0, "k": [250, 500, 0], "ix": 2 },
        "a": { "a": 0, "k": [0, 0, 0], "ix": 1 },
        "s": { "a": 0, "k": [100, 100, 100], "ix": 6 }
      },
      "ao": 0,
      "shapes": [
        {
          "ty": "rc",
          "d": 1,
          "s": { "a": 0, "k": [500, 1000], "ix": 2 },
          "p": { "a": 0, "k": [0, 0], "ix": 3 },
          "r": { "a": 0, "k": 20, "ix": 4 },
          "nm": "Outline Shape"
        }
      ],
      "ip": 0,
      "op": 120,
      "st": 0,
      "bm": 0
    }
  ]
}
